<?xml version="1.0" encoding="UTF-8" ?>
<!DOCTYPE mapper
        PUBLIC "-//mybatis.org//DTD Mapper 3.0//EN"
        "https://mybatis.org/dtd/mybatis-3-mapper.dtd">
<mapper namespace="com.kh.boot.mappers.EmployeeMapper">
    <resultMap id="UserResult" type="User_Info">
        <result column="USER_ID" property="userId"/>
        <result column="JOB_CODE" property="jobCode"/>
        <result column="DEPT_CODE" property="deptCode"/>
        <result column="USER_PWD" property="userPwd"/>
        <result column="COMPANY_NAME" property="companyName"/>
        <result column="USER_NAME" property="userName"/>
        <result column="PHONE" property="phone"/>
        <result column="EMAIL" property="email"/>
        <result column="ENROLL_DATE" property="enrollDate"/>
        <result column="MODIFY_DATE" property="modifyDate"/>
        <result column="STATUS" property="status"/>
        <result column="USER_DELETED" property="userProfile"/>
    </resultMap>

    <select id="selectUserInfoCount" resultType="int">
        SELECT COUNT(*) FROM USER_INFO
        WHERE STATUS = 'Y' AND
        USER_DELETED = 'N'
    </select>
    <select id="selectUserInfoList" parameterType="User_Info" resultMap="UserResult">
        SELECT COUNT(*) FROM USER_INFO
        WHERE STATUS = 'Y' AND
        USER_DELETED = 'N';
    </select>


</mapper>